<?xml version="1.0" encoding="UTF-8"?>
<addon id="plugin.video.films.indiens"
version="0.0.6"
name="Films Indiens en VOSTFR"
provider-name="Gama">
<requires>
  <import addon="xbmc.python" version="3.0.0"/>
  <import addon="plugin.video.youtube" name="YouTube" version="6.8.9+matrix.1"/>
</requires>
<extension point="xbmc.python.pluginsource" library="main.py">
  <provides>video</provides>
</extension>
<extension point="xbmc.addon.metadata">
  <summary lang="fr">Films Indiens en VOSTFR</summary>
  <description lang="fr_FR">[CR]Films et chansons du cinéma Indien en VOSTFR [CR]Retrouvez Desi-Trad sur : http://desi-trad.alwaysdata.net/ [CR]Retrouver la Shankara Team sur : http://shankarateam.com/ [CR]Et n'oubliez pas de nous suivre sur Facebook</description>
  <disclaimer lang="fr_FR">Desi-Trad en partenariat avec la Shankara Team</disclaimer>
  <assets>
    <icon>icon.png</icon>
    <fanart>fanart.jpg</fanart>
	<screenshot>resources\1.PNG</screenshot>
    <screenshot>resources\2.PNG</screenshot>
	<screenshot>resources\3.PNG</screenshot>
	<screenshot>resources\4.PNG</screenshot>
  </assets>
</extension>
</addon>
